layer,scenario,operation,rows,variant,session,iteration,elapsedMs,rowCount,formulaCount,checksum,inputChecksum,visibleRows,visibleFormulaCells,domReadyMs,stableFrameMs,diagnosticCategory,diagnosticText,revision,verified
full-app,dependency-chain,open-database-cold-visible-formulas,100,legacy,0,0,1418.2000000178814,,,,d96fb9a84a8c20d6aeadd7d53050546a89d491e669b9dd73aff8293ce1efdb83,23,46,1378.9000000059605,39.30000001192093,,,,true
full-app,dependency-chain,open-database-hot-visible-formulas,100,legacy,0,0,910.2999999821186,,,,d96fb9a84a8c20d6aeadd7d53050546a89d491e669b9dd73aff8293ce1efdb83,23,46,879,31.299999982118607,,,,true
full-app,dependency-chain,submit-input-dependent-result,100,legacy,0,0,22.400000005960464,,,,d96fb9a84a8c20d6aeadd7d53050546a89d491e669b9dd73aff8293ce1efdb83,,,2.5,19.900000005960464,,,,true
full-app,valid-expression,source-change-preview-and-validation,100,legacy,0,0,23.799999982118607,,,,d96fb9a84a8c20d6aeadd7d53050546a89d491e669b9dd73aff8293ce1efdb83,,,3.4000000059604645,20.399999976158142,,,,true
full-app,invalid-expression,source-change-current-diagnostic,100,legacy,0,0,27.30000001192093,,,,d96fb9a84a8c20d6aeadd7d53050546a89d491e669b9dd73aff8293ce1efdb83,,,3,24.30000001192093,syntax,"Unexpected end of formula [1,17]",,true
full-app,property-completion,source-change-property-suggestion,100,legacy,0,0,29.399999976158142,,,,d96fb9a84a8c20d6aeadd7d53050546a89d491e669b9dd73aff8293ce1efdb83,,,3.399999976158142,26,,,,true
full-app,dependency-chain,open-database-hot-visible-formulas,100,legacy,0,1,919.5,,,,d96fb9a84a8c20d6aeadd7d53050546a89d491e669b9dd73aff8293ce1efdb83,23,46,896.4000000059605,23.099999994039536,,,,true
full-app,dependency-chain,submit-input-dependent-result,100,legacy,0,1,21.5,,,,d96fb9a84a8c20d6aeadd7d53050546a89d491e669b9dd73aff8293ce1efdb83,,,2.5,19,,,,true
full-app,valid-expression,source-change-preview-and-validation,100,legacy,0,1,23.799999982118607,,,,d96fb9a84a8c20d6aeadd7d53050546a89d491e669b9dd73aff8293ce1efdb83,,,4,19.799999982118607,,,,true
full-app,invalid-expression,source-change-current-diagnostic,100,legacy,0,1,22,,,,d96fb9a84a8c20d6aeadd7d53050546a89d491e669b9dd73aff8293ce1efdb83,,,3.800000011920929,18.19999998807907,syntax,"Unexpected end of formula [1,17]",,true
full-app,property-completion,source-change-property-suggestion,100,legacy,0,1,27.200000017881393,,,,d96fb9a84a8c20d6aeadd7d53050546a89d491e669b9dd73aff8293ce1efdb83,,,3.100000023841858,24.099999994039536,,,,true
full-app,dependency-chain,open-database-hot-visible-formulas,100,legacy,0,2,952.4000000059605,,,,d96fb9a84a8c20d6aeadd7d53050546a89d491e669b9dd73aff8293ce1efdb83,23,46,903.5999999940395,48.80000001192093,,,,true
full-app,dependency-chain,submit-input-dependent-result,100,legacy,0,2,22.599999994039536,,,,d96fb9a84a8c20d6aeadd7d53050546a89d491e669b9dd73aff8293ce1efdb83,,,2.5,20.099999994039536,,,,true
full-app,valid-expression,source-change-preview-and-validation,100,legacy,0,2,48.900000005960464,,,,d96fb9a84a8c20d6aeadd7d53050546a89d491e669b9dd73aff8293ce1efdb83,,,4.4000000059604645,44.5,,,,true
full-app,invalid-expression,source-change-current-diagnostic,100,legacy,0,2,27.30000001192093,,,,d96fb9a84a8c20d6aeadd7d53050546a89d491e669b9dd73aff8293ce1efdb83,,,3.2000000178813934,24.099999994039536,syntax,"Unexpected end of formula [1,17]",,true
full-app,property-completion,source-change-property-suggestion,100,legacy,0,2,26.30000001192093,,,,d96fb9a84a8c20d6aeadd7d53050546a89d491e669b9dd73aff8293ce1efdb83,,,3.5,22.80000001192093,,,,true
full-app,dependency-chain,open-database-hot-visible-formulas,100,legacy,0,3,892.2999999821186,,,,d96fb9a84a8c20d6aeadd7d53050546a89d491e669b9dd73aff8293ce1efdb83,23,46,838.7999999821186,53.5,,,,true
full-app,dependency-chain,submit-input-dependent-result,100,legacy,0,3,22,,,,d96fb9a84a8c20d6aeadd7d53050546a89d491e669b9dd73aff8293ce1efdb83,,,2.5999999940395355,19.400000005960464,,,,true
full-app,valid-expression,source-change-preview-and-validation,100,legacy,0,3,24,,,,d96fb9a84a8c20d6aeadd7d53050546a89d491e669b9dd73aff8293ce1efdb83,,,3.300000011920929,20.69999998807907,,,,true
full-app,invalid-expression,source-change-current-diagnostic,100,legacy,0,3,26.100000023841858,,,,d96fb9a84a8c20d6aeadd7d53050546a89d491e669b9dd73aff8293ce1efdb83,,,3.7000000178813934,22.400000005960464,syntax,"Unexpected end of formula [1,17]",,true
full-app,property-completion,source-change-property-suggestion,100,legacy,0,3,17.5,,,,d96fb9a84a8c20d6aeadd7d53050546a89d491e669b9dd73aff8293ce1efdb83,,,3,14.5,,,,true
full-app,dependency-chain,open-database-hot-visible-formulas,100,legacy,0,4,901.5,,,,d96fb9a84a8c20d6aeadd7d53050546a89d491e669b9dd73aff8293ce1efdb83,23,46,852.9000000059605,48.599999994039536,,,,true
full-app,dependency-chain,submit-input-dependent-result,100,legacy,0,4,22.099999994039536,,,,d96fb9a84a8c20d6aeadd7d53050546a89d491e669b9dd73aff8293ce1efdb83,,,2.5999999940395355,19.5,,,,true
full-app,valid-expression,source-change-preview-and-validation,100,legacy,0,4,23.200000017881393,,,,d96fb9a84a8c20d6aeadd7d53050546a89d491e669b9dd73aff8293ce1efdb83,,,3.5,19.700000017881393,,,,true
full-app,invalid-expression,source-change-current-diagnostic,100,legacy,0,4,27.599999994039536,,,,d96fb9a84a8c20d6aeadd7d53050546a89d491e669b9dd73aff8293ce1efdb83,,,2.9000000059604645,24.69999998807907,syntax,"Unexpected end of formula [1,17]",,true
full-app,property-completion,source-change-property-suggestion,100,legacy,0,4,27.80000001192093,,,,d96fb9a84a8c20d6aeadd7d53050546a89d491e669b9dd73aff8293ce1efdb83,,,3,24.80000001192093,,,,true
full-app,dependency-chain,open-database-cold-visible-formulas,100,native,0,0,1409,,,,d96fb9a84a8c20d6aeadd7d53050546a89d491e669b9dd73aff8293ce1efdb83,23,46,1380.0999999940395,28.900000005960464,,,,true
full-app,dependency-chain,open-database-hot-visible-formulas,100,native,0,0,968.8000000119209,,,,d96fb9a84a8c20d6aeadd7d53050546a89d491e669b9dd73aff8293ce1efdb83,23,46,943.0999999940395,25.700000017881393,,,,true
full-app,dependency-chain,submit-input-dependent-result,100,native,0,0,39.099999994039536,,,,d96fb9a84a8c20d6aeadd7d53050546a89d491e669b9dd73aff8293ce1efdb83,,,14.599999994039536,24.5,,,,true
full-app,valid-expression,source-change-preview-and-validation,100,native,0,0,256.5,,,,d96fb9a84a8c20d6aeadd7d53050546a89d491e669b9dd73aff8293ce1efdb83,,,230.40000000596046,26.099999994039536,,,,true
full-app,invalid-expression,source-change-current-diagnostic,100,native,0,0,93.90000000596046,,,,d96fb9a84a8c20d6aeadd7d53050546a89d491e669b9dd73aff8293ce1efdb83,,,79.40000000596046,14.5,syntax,expected expression after `+`,,true
full-app,property-completion,source-change-property-suggestion,100,native,0,0,93.59999999403954,,,,d96fb9a84a8c20d6aeadd7d53050546a89d491e669b9dd73aff8293ce1efdb83,,,78.40000000596046,15.199999988079071,,,,true
full-app,dependency-chain,open-database-hot-visible-formulas,100,native,0,1,2049.0999999940395,,,,d96fb9a84a8c20d6aeadd7d53050546a89d491e669b9dd73aff8293ce1efdb83,23,46,2036,13.099999994039536,,,,true
full-app,dependency-chain,submit-input-dependent-result,100,native,0,1,68.80000001192093,,,,d96fb9a84a8c20d6aeadd7d53050546a89d491e669b9dd73aff8293ce1efdb83,,,49.599999994039536,19.200000017881393,,,,true
full-app,valid-expression,source-change-preview-and-validation,100,native,0,1,223.90000000596046,,,,d96fb9a84a8c20d6aeadd7d53050546a89d491e669b9dd73aff8293ce1efdb83,,,201.5,22.400000005960464,,,,true
full-app,invalid-expression,source-change-current-diagnostic,100,native,0,1,94.40000000596046,,,,d96fb9a84a8c20d6aeadd7d53050546a89d491e669b9dd73aff8293ce1efdb83,,,79.90000000596046,14.5,syntax,expected expression after `+`,,true
full-app,property-completion,source-change-property-suggestion,100,native,0,1,93.30000001192093,,,,d96fb9a84a8c20d6aeadd7d53050546a89d491e669b9dd73aff8293ce1efdb83,,,79.30000001192093,14,,,,true
full-app,dependency-chain,open-database-hot-visible-formulas,100,native,0,2,1005.0999999940395,,,,d96fb9a84a8c20d6aeadd7d53050546a89d491e669b9dd73aff8293ce1efdb83,23,46,983.6999999880791,21.400000005960464,,,,true
full-app,dependency-chain,submit-input-dependent-result,100,native,0,2,39.099999994039536,,,,d96fb9a84a8c20d6aeadd7d53050546a89d491e669b9dd73aff8293ce1efdb83,,,14.299999982118607,24.80000001192093,,,,true
full-app,valid-expression,source-change-preview-and-validation,100,native,0,2,223,,,,d96fb9a84a8c20d6aeadd7d53050546a89d491e669b9dd73aff8293ce1efdb83,,,201.40000000596046,21.599999994039536,,,,true
full-app,invalid-expression,source-change-current-diagnostic,100,native,0,2,94.30000001192093,,,,d96fb9a84a8c20d6aeadd7d53050546a89d491e669b9dd73aff8293ce1efdb83,,,78.80000001192093,15.5,syntax,expected expression after `+`,,true
full-app,property-completion,source-change-property-suggestion,100,native,0,2,93.19999998807907,,,,d96fb9a84a8c20d6aeadd7d53050546a89d491e669b9dd73aff8293ce1efdb83,,,78.7999999821186,14.400000005960464,,,,true
full-app,dependency-chain,open-database-hot-visible-formulas,100,native,0,3,936.5,,,,d96fb9a84a8c20d6aeadd7d53050546a89d491e669b9dd73aff8293ce1efdb83,23,46,922.2999999821186,14.200000017881393,,,,true
full-app,dependency-chain,submit-input-dependent-result,100,native,0,3,38.70000001788139,,,,d96fb9a84a8c20d6aeadd7d53050546a89d491e669b9dd73aff8293ce1efdb83,,,14.400000005960464,24.30000001192093,,,,true
full-app,valid-expression,source-change-preview-and-validation,100,native,0,3,222.69999998807907,,,,d96fb9a84a8c20d6aeadd7d53050546a89d491e669b9dd73aff8293ce1efdb83,,,201.40000000596046,21.299999982118607,,,,true
full-app,invalid-expression,source-change-current-diagnostic,100,native,0,3,93.7000000178814,,,,d96fb9a84a8c20d6aeadd7d53050546a89d491e669b9dd73aff8293ce1efdb83,,,80,13.700000017881393,syntax,expected expression after `+`,,true
full-app,property-completion,source-change-property-suggestion,100,native,0,3,93.2999999821186,,,,d96fb9a84a8c20d6aeadd7d53050546a89d491e669b9dd73aff8293ce1efdb83,,,78.5,14.799999982118607,,,,true
full-app,dependency-chain,open-database-hot-visible-formulas,100,native,0,4,2114.5,,,,d96fb9a84a8c20d6aeadd7d53050546a89d491e669b9dd73aff8293ce1efdb83,23,46,2110.7000000178814,3.7999999821186066,,,,true
full-app,dependency-chain,submit-input-dependent-result,100,native,0,4,76.90000000596046,,,,d96fb9a84a8c20d6aeadd7d53050546a89d491e669b9dd73aff8293ce1efdb83,,,55.20000001788139,21.69999998807907,,,,true
full-app,valid-expression,source-change-preview-and-validation,100,native,0,4,224,,,,d96fb9a84a8c20d6aeadd7d53050546a89d491e669b9dd73aff8293ce1efdb83,,,200.89999997615814,23.100000023841858,,,,true
full-app,invalid-expression,source-change-current-diagnostic,100,native,0,4,92.69999998807907,,,,d96fb9a84a8c20d6aeadd7d53050546a89d491e669b9dd73aff8293ce1efdb83,,,79.90000000596046,12.799999982118607,syntax,expected expression after `+`,,true
full-app,property-completion,source-change-property-suggestion,100,native,0,4,93.39999997615814,,,,d96fb9a84a8c20d6aeadd7d53050546a89d491e669b9dd73aff8293ce1efdb83,,,78.39999997615814,15,,,,true
full-app,dependency-chain,open-database-cold-visible-formulas,100,native,1,0,1368.9000000059605,,,,d96fb9a84a8c20d6aeadd7d53050546a89d491e669b9dd73aff8293ce1efdb83,23,46,1358.5,10.400000005960464,,,,true
full-app,dependency-chain,open-database-hot-visible-formulas,100,native,1,0,919.5,,,,d96fb9a84a8c20d6aeadd7d53050546a89d491e669b9dd73aff8293ce1efdb83,23,46,907.3999999761581,12.100000023841858,,,,true
full-app,dependency-chain,submit-input-dependent-result,100,native,1,0,39.20000001788139,,,,d96fb9a84a8c20d6aeadd7d53050546a89d491e669b9dd73aff8293ce1efdb83,,,14.800000011920929,24.400000005960464,,,,true
full-app,valid-expression,source-change-preview-and-validation,100,native,1,0,223.40000000596046,,,,d96fb9a84a8c20d6aeadd7d53050546a89d491e669b9dd73aff8293ce1efdb83,,,201.19999998807907,22.200000017881393,,,,true
full-app,invalid-expression,source-change-current-diagnostic,100,native,1,0,93.60000002384186,,,,d96fb9a84a8c20d6aeadd7d53050546a89d491e669b9dd73aff8293ce1efdb83,,,78.90000000596046,14.700000017881393,syntax,expected expression after `+`,,true
full-app,property-completion,source-change-property-suggestion,100,native,1,0,93.69999998807907,,,,d96fb9a84a8c20d6aeadd7d53050546a89d491e669b9dd73aff8293ce1efdb83,,,78.19999998807907,15.5,,,,true
full-app,dependency-chain,open-database-hot-visible-formulas,100,native,1,1,1068.2000000178814,,,,d96fb9a84a8c20d6aeadd7d53050546a89d491e669b9dd73aff8293ce1efdb83,23,46,1053.800000011921,14.400000005960464,,,,true
full-app,dependency-chain,submit-input-dependent-result,100,native,1,1,38.30000001192093,,,,d96fb9a84a8c20d6aeadd7d53050546a89d491e669b9dd73aff8293ce1efdb83,,,17.5,20.80000001192093,,,,true
full-app,valid-expression,source-change-preview-and-validation,100,native,1,1,223.90000000596046,,,,d96fb9a84a8c20d6aeadd7d53050546a89d491e669b9dd73aff8293ce1efdb83,,,201.2000000178814,22.69999998807907,,,,true
full-app,invalid-expression,source-change-current-diagnostic,100,native,1,1,91.7999999821186,,,,d96fb9a84a8c20d6aeadd7d53050546a89d491e669b9dd73aff8293ce1efdb83,,,79.59999999403954,12.199999988079071,syntax,expected expression after `+`,,true
full-app,property-completion,source-change-property-suggestion,100,native,1,1,93.7999999821186,,,,d96fb9a84a8c20d6aeadd7d53050546a89d491e669b9dd73aff8293ce1efdb83,,,78.69999998807907,15.099999994039536,,,,true
full-app,dependency-chain,open-database-hot-visible-formulas,100,native,1,2,954.2000000178814,,,,d96fb9a84a8c20d6aeadd7d53050546a89d491e669b9dd73aff8293ce1efdb83,23,46,938.5,15.700000017881393,,,,true
full-app,dependency-chain,submit-input-dependent-result,100,native,1,2,38.599999994039536,,,,d96fb9a84a8c20d6aeadd7d53050546a89d491e669b9dd73aff8293ce1efdb83,,,14.5,24.099999994039536,,,,true
full-app,valid-expression,source-change-preview-and-validation,100,native,1,2,239.30000001192093,,,,d96fb9a84a8c20d6aeadd7d53050546a89d491e669b9dd73aff8293ce1efdb83,,,223,16.30000001192093,,,,true
full-app,invalid-expression,source-change-current-diagnostic,100,native,1,2,94,,,,d96fb9a84a8c20d6aeadd7d53050546a89d491e669b9dd73aff8293ce1efdb83,,,79.2999999821186,14.700000017881393,syntax,expected expression after `+`,,true
full-app,property-completion,source-change-property-suggestion,100,native,1,2,93.5,,,,d96fb9a84a8c20d6aeadd7d53050546a89d491e669b9dd73aff8293ce1efdb83,,,78.30000001192093,15.199999988079071,,,,true
full-app,dependency-chain,open-database-hot-visible-formulas,100,native,1,3,937.5,,,,d96fb9a84a8c20d6aeadd7d53050546a89d491e669b9dd73aff8293ce1efdb83,23,46,919.2000000178814,18.299999982118607,,,,true
full-app,dependency-chain,submit-input-dependent-result,100,native,1,3,39.30000001192093,,,,d96fb9a84a8c20d6aeadd7d53050546a89d491e669b9dd73aff8293ce1efdb83,,,13.800000011920929,25.5,,,,true
full-app,valid-expression,source-change-preview-and-validation,100,native,1,3,223.09999999403954,,,,d96fb9a84a8c20d6aeadd7d53050546a89d491e669b9dd73aff8293ce1efdb83,,,201.5,21.599999994039536,,,,true
full-app,invalid-expression,source-change-current-diagnostic,100,native,1,3,93.7999999821186,,,,d96fb9a84a8c20d6aeadd7d53050546a89d491e669b9dd73aff8293ce1efdb83,,,78.69999998807907,15.099999994039536,syntax,expected expression after `+`,,true
full-app,property-completion,source-change-property-suggestion,100,native,1,3,93.90000000596046,,,,d96fb9a84a8c20d6aeadd7d53050546a89d491e669b9dd73aff8293ce1efdb83,,,78.19999998807907,15.700000017881393,,,,true
full-app,dependency-chain,open-database-hot-visible-formulas,100,native,1,4,900.5999999940395,,,,d96fb9a84a8c20d6aeadd7d53050546a89d491e669b9dd73aff8293ce1efdb83,23,46,882.1999999880791,18.400000005960464,,,,true
full-app,dependency-chain,submit-input-dependent-result,100,native,1,4,38.89999997615814,,,,d96fb9a84a8c20d6aeadd7d53050546a89d491e669b9dd73aff8293ce1efdb83,,,14.5,24.399999976158142,,,,true
full-app,valid-expression,source-change-preview-and-validation,100,native,1,4,222.40000000596046,,,,d96fb9a84a8c20d6aeadd7d53050546a89d491e669b9dd73aff8293ce1efdb83,,,201.19999998807907,21.200000017881393,,,,true
full-app,invalid-expression,source-change-current-diagnostic,100,native,1,4,92.80000001192093,,,,d96fb9a84a8c20d6aeadd7d53050546a89d491e669b9dd73aff8293ce1efdb83,,,79.40000000596046,13.400000005960464,syntax,expected expression after `+`,,true
full-app,property-completion,source-change-property-suggestion,100,native,1,4,92.2999999821186,,,,d96fb9a84a8c20d6aeadd7d53050546a89d491e669b9dd73aff8293ce1efdb83,,,79,13.299999982118607,,,,true
full-app,dependency-chain,open-database-cold-visible-formulas,100,legacy,1,0,1317.6000000238419,,,,d96fb9a84a8c20d6aeadd7d53050546a89d491e669b9dd73aff8293ce1efdb83,23,46,1277.1000000238419,40.5,,,,true
full-app,dependency-chain,open-database-hot-visible-formulas,100,legacy,1,0,902.5999999940395,,,,d96fb9a84a8c20d6aeadd7d53050546a89d491e669b9dd73aff8293ce1efdb83,23,46,878.6999999880791,23.900000005960464,,,,true
full-app,dependency-chain,submit-input-dependent-result,100,legacy,1,0,22.299999982118607,,,,d96fb9a84a8c20d6aeadd7d53050546a89d491e669b9dd73aff8293ce1efdb83,,,2.699999988079071,19.599999994039536,,,,true
full-app,valid-expression,source-change-preview-and-validation,100,legacy,1,0,24.099999994039536,,,,d96fb9a84a8c20d6aeadd7d53050546a89d491e669b9dd73aff8293ce1efdb83,,,3.5999999940395355,20.5,,,,true
full-app,invalid-expression,source-change-current-diagnostic,100,legacy,1,0,27.5,,,,d96fb9a84a8c20d6aeadd7d53050546a89d491e669b9dd73aff8293ce1efdb83,,,2.899999976158142,24.600000023841858,syntax,"Unexpected end of formula [1,17]",,true
full-app,property-completion,source-change-property-suggestion,100,legacy,1,0,27.30000001192093,,,,d96fb9a84a8c20d6aeadd7d53050546a89d491e669b9dd73aff8293ce1efdb83,,,2.9000000059604645,24.400000005960464,,,,true
full-app,dependency-chain,open-database-hot-visible-formulas,100,legacy,1,1,2043.5,,,,d96fb9a84a8c20d6aeadd7d53050546a89d491e669b9dd73aff8293ce1efdb83,23,46,1995.2000000178814,48.29999998211861,,,,true
full-app,dependency-chain,submit-input-dependent-result,100,legacy,1,1,39.30000001192093,,,,d96fb9a84a8c20d6aeadd7d53050546a89d491e669b9dd73aff8293ce1efdb83,,,36.60000002384186,2.699999988079071,,,,true
full-app,valid-expression,source-change-preview-and-validation,100,legacy,1,1,24,,,,d96fb9a84a8c20d6aeadd7d53050546a89d491e669b9dd73aff8293ce1efdb83,,,3.300000011920929,20.69999998807907,,,,true
full-app,invalid-expression,source-change-current-diagnostic,100,legacy,1,1,27.5,,,,d96fb9a84a8c20d6aeadd7d53050546a89d491e669b9dd73aff8293ce1efdb83,,,2.9000000059604645,24.599999994039536,syntax,"Unexpected end of formula [1,17]",,true
full-app,property-completion,source-change-property-suggestion,100,legacy,1,1,27.299999982118607,,,,d96fb9a84a8c20d6aeadd7d53050546a89d491e669b9dd73aff8293ce1efdb83,,,3,24.299999982118607,,,,true
full-app,dependency-chain,open-database-hot-visible-formulas,100,legacy,1,2,927.5999999940395,,,,d96fb9a84a8c20d6aeadd7d53050546a89d491e669b9dd73aff8293ce1efdb83,23,46,900.0999999940395,27.5,,,,true
full-app,dependency-chain,submit-input-dependent-result,100,legacy,1,2,22.099999994039536,,,,d96fb9a84a8c20d6aeadd7d53050546a89d491e669b9dd73aff8293ce1efdb83,,,2.699999988079071,19.400000005960464,,,,true
full-app,valid-expression,source-change-preview-and-validation,100,legacy,1,2,24.400000005960464,,,,d96fb9a84a8c20d6aeadd7d53050546a89d491e669b9dd73aff8293ce1efdb83,,,3.4000000059604645,21,,,,true
full-app,invalid-expression,source-change-current-diagnostic,100,legacy,1,2,27.799999982118607,,,,d96fb9a84a8c20d6aeadd7d53050546a89d491e669b9dd73aff8293ce1efdb83,,,3,24.799999982118607,syntax,"Unexpected end of formula [1,17]",,true
full-app,property-completion,source-change-property-suggestion,100,legacy,1,2,21.400000005960464,,,,d96fb9a84a8c20d6aeadd7d53050546a89d491e669b9dd73aff8293ce1efdb83,,,3,18.400000005960464,,,,true
full-app,dependency-chain,open-database-hot-visible-formulas,100,legacy,1,3,911.2999999821186,,,,d96fb9a84a8c20d6aeadd7d53050546a89d491e669b9dd73aff8293ce1efdb83,23,46,858.5999999940395,52.69999998807907,,,,true
full-app,dependency-chain,submit-input-dependent-result,100,legacy,1,3,22,,,,d96fb9a84a8c20d6aeadd7d53050546a89d491e669b9dd73aff8293ce1efdb83,,,2.800000011920929,19.19999998807907,,,,true
full-app,valid-expression,source-change-preview-and-validation,100,legacy,1,3,24.200000017881393,,,,d96fb9a84a8c20d6aeadd7d53050546a89d491e669b9dd73aff8293ce1efdb83,,,3.300000011920929,20.900000005960464,,,,true
full-app,invalid-expression,source-change-current-diagnostic,100,legacy,1,3,22.30000001192093,,,,d96fb9a84a8c20d6aeadd7d53050546a89d491e669b9dd73aff8293ce1efdb83,,,2.9000000059604645,19.400000005960464,syntax,"Unexpected end of formula [1,17]",,true
full-app,property-completion,source-change-property-suggestion,100,legacy,1,3,23,,,,d96fb9a84a8c20d6aeadd7d53050546a89d491e669b9dd73aff8293ce1efdb83,,,2.9000000059604645,20.099999994039536,,,,true
full-app,dependency-chain,open-database-hot-visible-formulas,100,legacy,1,4,913.3000000119209,,,,d96fb9a84a8c20d6aeadd7d53050546a89d491e669b9dd73aff8293ce1efdb83,23,46,887.4000000059605,25.900000005960464,,,,true
full-app,dependency-chain,submit-input-dependent-result,100,legacy,1,4,21.80000001192093,,,,d96fb9a84a8c20d6aeadd7d53050546a89d491e669b9dd73aff8293ce1efdb83,,,2.5,19.30000001192093,,,,true
full-app,valid-expression,source-change-preview-and-validation,100,legacy,1,4,20.69999998807907,,,,d96fb9a84a8c20d6aeadd7d53050546a89d491e669b9dd73aff8293ce1efdb83,,,3.5,17.19999998807907,,,,true
full-app,invalid-expression,source-change-current-diagnostic,100,legacy,1,4,27.599999994039536,,,,d96fb9a84a8c20d6aeadd7d53050546a89d491e669b9dd73aff8293ce1efdb83,,,3,24.599999994039536,syntax,"Unexpected end of formula [1,17]",,true
full-app,property-completion,source-change-property-suggestion,100,legacy,1,4,27.099999994039536,,,,d96fb9a84a8c20d6aeadd7d53050546a89d491e669b9dd73aff8293ce1efdb83,,,3,24.099999994039536,,,,true
full-app,dependency-chain,open-database-cold-visible-formulas,100,legacy,2,0,1283.8999999761581,,,,d96fb9a84a8c20d6aeadd7d53050546a89d491e669b9dd73aff8293ce1efdb83,23,46,1239,44.89999997615814,,,,true
full-app,dependency-chain,open-database-hot-visible-formulas,100,legacy,2,0,916.6000000238419,,,,d96fb9a84a8c20d6aeadd7d53050546a89d491e669b9dd73aff8293ce1efdb83,23,46,894.1000000238419,22.5,,,,true
full-app,dependency-chain,submit-input-dependent-result,100,legacy,2,0,22.099999994039536,,,,d96fb9a84a8c20d6aeadd7d53050546a89d491e669b9dd73aff8293ce1efdb83,,,2.5999999940395355,19.5,,,,true
full-app,valid-expression,source-change-preview-and-validation,100,legacy,2,0,23.799999982118607,,,,d96fb9a84a8c20d6aeadd7d53050546a89d491e669b9dd73aff8293ce1efdb83,,,3.2999999821186066,20.5,,,,true
full-app,invalid-expression,source-change-current-diagnostic,100,legacy,2,0,27.600000023841858,,,,d96fb9a84a8c20d6aeadd7d53050546a89d491e669b9dd73aff8293ce1efdb83,,,3,24.600000023841858,syntax,"Unexpected end of formula [1,17]",,true
full-app,property-completion,source-change-property-suggestion,100,legacy,2,0,27.30000001192093,,,,d96fb9a84a8c20d6aeadd7d53050546a89d491e669b9dd73aff8293ce1efdb83,,,3,24.30000001192093,,,,true
full-app,dependency-chain,open-database-hot-visible-formulas,100,legacy,2,1,917.9000000059605,,,,d96fb9a84a8c20d6aeadd7d53050546a89d491e669b9dd73aff8293ce1efdb83,23,46,887.6999999880791,30.200000017881393,,,,true
full-app,dependency-chain,submit-input-dependent-result,100,legacy,2,1,29.599999994039536,,,,d96fb9a84a8c20d6aeadd7d53050546a89d491e669b9dd73aff8293ce1efdb83,,,3.300000011920929,26.299999982118607,,,,true
full-app,valid-expression,source-change-preview-and-validation,100,legacy,2,1,24.400000005960464,,,,d96fb9a84a8c20d6aeadd7d53050546a89d491e669b9dd73aff8293ce1efdb83,,,3.9000000059604645,20.5,,,,true
full-app,invalid-expression,source-change-current-diagnostic,100,legacy,2,1,26.900000005960464,,,,d96fb9a84a8c20d6aeadd7d53050546a89d491e669b9dd73aff8293ce1efdb83,,,2.9000000059604645,24,syntax,"Unexpected end of formula [1,17]",,true
full-app,property-completion,source-change-property-suggestion,100,legacy,2,1,18,,,,d96fb9a84a8c20d6aeadd7d53050546a89d491e669b9dd73aff8293ce1efdb83,,,2.800000011920929,15.199999988079071,,,,true
full-app,dependency-chain,open-database-hot-visible-formulas,100,legacy,2,2,863.9000000059605,,,,d96fb9a84a8c20d6aeadd7d53050546a89d491e669b9dd73aff8293ce1efdb83,23,46,834.6999999880791,29.200000017881393,,,,true
full-app,dependency-chain,submit-input-dependent-result,100,legacy,2,2,22.400000005960464,,,,d96fb9a84a8c20d6aeadd7d53050546a89d491e669b9dd73aff8293ce1efdb83,,,2.5,19.900000005960464,,,,true
full-app,valid-expression,source-change-preview-and-validation,100,legacy,2,2,23.69999998807907,,,,d96fb9a84a8c20d6aeadd7d53050546a89d491e669b9dd73aff8293ce1efdb83,,,3.4000000059604645,20.299999982118607,,,,true
full-app,invalid-expression,source-change-current-diagnostic,100,legacy,2,2,27.400000005960464,,,,d96fb9a84a8c20d6aeadd7d53050546a89d491e669b9dd73aff8293ce1efdb83,,,3.0999999940395355,24.30000001192093,syntax,"Unexpected end of formula [1,17]",,true
full-app,property-completion,source-change-property-suggestion,100,legacy,2,2,29.399999976158142,,,,d96fb9a84a8c20d6aeadd7d53050546a89d491e669b9dd73aff8293ce1efdb83,,,3.199999988079071,26.19999998807907,,,,true
full-app,dependency-chain,open-database-hot-visible-formulas,100,legacy,2,3,1945.5999999940395,,,,d96fb9a84a8c20d6aeadd7d53050546a89d491e669b9dd73aff8293ce1efdb83,23,46,1889.7999999821186,55.80000001192093,,,,true
full-app,dependency-chain,submit-input-dependent-result,100,legacy,2,3,38.599999994039536,,,,d96fb9a84a8c20d6aeadd7d53050546a89d491e669b9dd73aff8293ce1efdb83,,,35.80000001192093,2.7999999821186066,,,,true
full-app,valid-expression,source-change-preview-and-validation,100,legacy,2,3,23.700000017881393,,,,d96fb9a84a8c20d6aeadd7d53050546a89d491e669b9dd73aff8293ce1efdb83,,,3.4000000059604645,20.30000001192093,,,,true
full-app,invalid-expression,source-change-current-diagnostic,100,legacy,2,3,27.30000001192093,,,,d96fb9a84a8c20d6aeadd7d53050546a89d491e669b9dd73aff8293ce1efdb83,,,3.100000023841858,24.19999998807907,syntax,"Unexpected end of formula [1,17]",,true
full-app,property-completion,source-change-property-suggestion,100,legacy,2,3,27.19999998807907,,,,d96fb9a84a8c20d6aeadd7d53050546a89d491e669b9dd73aff8293ce1efdb83,,,2.899999976158142,24.30000001192093,,,,true
full-app,dependency-chain,open-database-hot-visible-formulas,100,legacy,2,4,880.5999999940395,,,,d96fb9a84a8c20d6aeadd7d53050546a89d491e669b9dd73aff8293ce1efdb83,23,46,854.1999999880791,26.400000005960464,,,,true
full-app,dependency-chain,submit-input-dependent-result,100,legacy,2,4,22.299999982118607,,,,d96fb9a84a8c20d6aeadd7d53050546a89d491e669b9dd73aff8293ce1efdb83,,,2.699999988079071,19.599999994039536,,,,true
full-app,valid-expression,source-change-preview-and-validation,100,legacy,2,4,24.700000017881393,,,,d96fb9a84a8c20d6aeadd7d53050546a89d491e669b9dd73aff8293ce1efdb83,,,3.5,21.200000017881393,,,,true
full-app,invalid-expression,source-change-current-diagnostic,100,legacy,2,4,27.599999994039536,,,,d96fb9a84a8c20d6aeadd7d53050546a89d491e669b9dd73aff8293ce1efdb83,,,3,24.599999994039536,syntax,"Unexpected end of formula [1,17]",,true
full-app,property-completion,source-change-property-suggestion,100,legacy,2,4,27.400000005960464,,,,d96fb9a84a8c20d6aeadd7d53050546a89d491e669b9dd73aff8293ce1efdb83,,,3.199999988079071,24.200000017881393,,,,true
full-app,dependency-chain,open-database-cold-visible-formulas,100,native,2,0,2478,,,,d96fb9a84a8c20d6aeadd7d53050546a89d491e669b9dd73aff8293ce1efdb83,23,46,2459.7000000178814,18.299999982118607,,,,true
full-app,dependency-chain,open-database-hot-visible-formulas,100,native,2,0,938.0999999940395,,,,d96fb9a84a8c20d6aeadd7d53050546a89d491e669b9dd73aff8293ce1efdb83,23,46,911.2999999821186,26.80000001192093,,,,true
full-app,dependency-chain,submit-input-dependent-result,100,native,2,0,39.599999994039536,,,,d96fb9a84a8c20d6aeadd7d53050546a89d491e669b9dd73aff8293ce1efdb83,,,14.099999994039536,25.5,,,,true
full-app,valid-expression,source-change-preview-and-validation,100,native,2,0,223,,,,d96fb9a84a8c20d6aeadd7d53050546a89d491e669b9dd73aff8293ce1efdb83,,,201.59999999403954,21.400000005960464,,,,true
full-app,invalid-expression,source-change-current-diagnostic,100,native,2,0,94.10000002384186,,,,d96fb9a84a8c20d6aeadd7d53050546a89d491e669b9dd73aff8293ce1efdb83,,,79.10000002384186,15,syntax,expected expression after `+`,,true
full-app,property-completion,source-change-property-suggestion,100,native,2,0,93.30000001192093,,,,d96fb9a84a8c20d6aeadd7d53050546a89d491e669b9dd73aff8293ce1efdb83,,,79.80000001192093,13.5,,,,true
full-app,dependency-chain,open-database-hot-visible-formulas,100,native,2,1,2053.199999988079,,,,d96fb9a84a8c20d6aeadd7d53050546a89d491e669b9dd73aff8293ce1efdb83,23,46,2033.5999999940395,19.599999994039536,,,,true
full-app,dependency-chain,submit-input-dependent-result,100,native,2,1,70,,,,d96fb9a84a8c20d6aeadd7d53050546a89d491e669b9dd73aff8293ce1efdb83,,,46.5,23.5,,,,true
full-app,valid-expression,source-change-preview-and-validation,100,native,2,1,224.09999999403954,,,,d96fb9a84a8c20d6aeadd7d53050546a89d491e669b9dd73aff8293ce1efdb83,,,201.69999998807907,22.400000005960464,,,,true
full-app,invalid-expression,source-change-current-diagnostic,100,native,2,1,94.09999999403954,,,,d96fb9a84a8c20d6aeadd7d53050546a89d491e669b9dd73aff8293ce1efdb83,,,79.09999999403954,15,syntax,expected expression after `+`,,true
full-app,property-completion,source-change-property-suggestion,100,native,2,1,93.19999998807907,,,,d96fb9a84a8c20d6aeadd7d53050546a89d491e669b9dd73aff8293ce1efdb83,,,78.39999997615814,14.800000011920929,,,,true
full-app,dependency-chain,open-database-hot-visible-formulas,100,native,2,2,936.4000000059605,,,,d96fb9a84a8c20d6aeadd7d53050546a89d491e669b9dd73aff8293ce1efdb83,23,46,922.5,13.900000005960464,,,,true
full-app,dependency-chain,submit-input-dependent-result,100,native,2,2,38.900000005960464,,,,d96fb9a84a8c20d6aeadd7d53050546a89d491e669b9dd73aff8293ce1efdb83,,,16,22.900000005960464,,,,true
full-app,valid-expression,source-change-preview-and-validation,100,native,2,2,223.59999999403954,,,,d96fb9a84a8c20d6aeadd7d53050546a89d491e669b9dd73aff8293ce1efdb83,,,201.2999999821186,22.30000001192093,,,,true
full-app,invalid-expression,source-change-current-diagnostic,100,native,2,2,94.5,,,,d96fb9a84a8c20d6aeadd7d53050546a89d491e669b9dd73aff8293ce1efdb83,,,82.5,12,syntax,expected expression after `+`,,true
full-app,property-completion,source-change-property-suggestion,100,native,2,2,93.90000000596046,,,,d96fb9a84a8c20d6aeadd7d53050546a89d491e669b9dd73aff8293ce1efdb83,,,78.09999999403954,15.800000011920929,,,,true
full-app,dependency-chain,open-database-hot-visible-formulas,100,native,2,3,921.3000000119209,,,,d96fb9a84a8c20d6aeadd7d53050546a89d491e669b9dd73aff8293ce1efdb83,23,46,907,14.300000011920929,,,,true
full-app,dependency-chain,submit-input-dependent-result,100,native,2,3,38.30000001192093,,,,d96fb9a84a8c20d6aeadd7d53050546a89d491e669b9dd73aff8293ce1efdb83,,,14.900000005960464,23.400000005960464,,,,true
full-app,valid-expression,source-change-preview-and-validation,100,native,2,3,257,,,,d96fb9a84a8c20d6aeadd7d53050546a89d491e669b9dd73aff8293ce1efdb83,,,232.7999999821186,24.200000017881393,,,,true
full-app,invalid-expression,source-change-current-diagnostic,100,native,2,3,94.10000002384186,,,,d96fb9a84a8c20d6aeadd7d53050546a89d491e669b9dd73aff8293ce1efdb83,,,79.2000000178814,14.900000005960464,syntax,expected expression after `+`,,true
full-app,property-completion,source-change-property-suggestion,100,native,2,3,93.7000000178814,,,,d96fb9a84a8c20d6aeadd7d53050546a89d491e669b9dd73aff8293ce1efdb83,,,78.5,15.200000017881393,,,,true
full-app,dependency-chain,open-database-hot-visible-formulas,100,native,2,4,908.5999999940395,,,,d96fb9a84a8c20d6aeadd7d53050546a89d491e669b9dd73aff8293ce1efdb83,23,46,894.9000000059605,13.699999988079071,,,,true
full-app,dependency-chain,submit-input-dependent-result,100,native,2,4,38.400000005960464,,,,d96fb9a84a8c20d6aeadd7d53050546a89d491e669b9dd73aff8293ce1efdb83,,,16.599999994039536,21.80000001192093,,,,true
full-app,valid-expression,source-change-preview-and-validation,100,native,2,4,223,,,,d96fb9a84a8c20d6aeadd7d53050546a89d491e669b9dd73aff8293ce1efdb83,,,201.2000000178814,21.799999982118607,,,,true
full-app,invalid-expression,source-change-current-diagnostic,100,native,2,4,94.30000001192093,,,,d96fb9a84a8c20d6aeadd7d53050546a89d491e669b9dd73aff8293ce1efdb83,,,79,15.300000011920929,syntax,expected expression after `+`,,true
full-app,property-completion,source-change-property-suggestion,100,native,2,4,94,,,,d96fb9a84a8c20d6aeadd7d53050546a89d491e669b9dd73aff8293ce1efdb83,,,78.30000001192093,15.699999988079071,,,,true
full-app,dependency-chain,open-database-cold-visible-formulas,100,native,3,0,1388.0999999940395,,,,d96fb9a84a8c20d6aeadd7d53050546a89d491e669b9dd73aff8293ce1efdb83,23,46,1366.8999999761581,21.200000017881393,,,,true
full-app,dependency-chain,open-database-hot-visible-formulas,100,native,3,0,2070.7000000178814,,,,d96fb9a84a8c20d6aeadd7d53050546a89d491e669b9dd73aff8293ce1efdb83,23,46,2048.5999999940395,22.100000023841858,,,,true
full-app,dependency-chain,submit-input-dependent-result,100,native,3,0,70.59999999403954,,,,d96fb9a84a8c20d6aeadd7d53050546a89d491e669b9dd73aff8293ce1efdb83,,,48.5,22.099999994039536,,,,true
full-app,valid-expression,source-change-preview-and-validation,100,native,3,0,224.90000000596046,,,,d96fb9a84a8c20d6aeadd7d53050546a89d491e669b9dd73aff8293ce1efdb83,,,201.80000001192093,23.099999994039536,,,,true
full-app,invalid-expression,source-change-current-diagnostic,100,native,3,0,94,,,,d96fb9a84a8c20d6aeadd7d53050546a89d491e669b9dd73aff8293ce1efdb83,,,79.40000000596046,14.599999994039536,syntax,expected expression after `+`,,true
full-app,property-completion,source-change-property-suggestion,100,native,3,0,93.39999997615814,,,,d96fb9a84a8c20d6aeadd7d53050546a89d491e669b9dd73aff8293ce1efdb83,,,78.69999998807907,14.699999988079071,,,,true
full-app,dependency-chain,open-database-hot-visible-formulas,100,native,3,1,973,,,,d96fb9a84a8c20d6aeadd7d53050546a89d491e669b9dd73aff8293ce1efdb83,23,46,957.3999999761581,15.600000023841858,,,,true
full-app,dependency-chain,submit-input-dependent-result,100,native,3,1,39.900000005960464,,,,d96fb9a84a8c20d6aeadd7d53050546a89d491e669b9dd73aff8293ce1efdb83,,,13.800000011920929,26.099999994039536,,,,true
full-app,valid-expression,source-change-preview-and-validation,100,native,3,1,240.2999999821186,,,,d96fb9a84a8c20d6aeadd7d53050546a89d491e669b9dd73aff8293ce1efdb83,,,221.2999999821186,19,,,,true
full-app,invalid-expression,source-change-current-diagnostic,100,native,3,1,94.19999998807907,,,,d96fb9a84a8c20d6aeadd7d53050546a89d491e669b9dd73aff8293ce1efdb83,,,79.09999999403954,15.099999994039536,syntax,expected expression after `+`,,true
full-app,property-completion,source-change-property-suggestion,100,native,3,1,94.2000000178814,,,,d96fb9a84a8c20d6aeadd7d53050546a89d491e669b9dd73aff8293ce1efdb83,,,78.2000000178814,16,,,,true
full-app,dependency-chain,open-database-hot-visible-formulas,100,native,3,2,984.5999999940395,,,,d96fb9a84a8c20d6aeadd7d53050546a89d491e669b9dd73aff8293ce1efdb83,23,46,958.2999999821186,26.30000001192093,,,,true
full-app,dependency-chain,submit-input-dependent-result,100,native,3,2,38.900000005960464,,,,d96fb9a84a8c20d6aeadd7d53050546a89d491e669b9dd73aff8293ce1efdb83,,,14.400000005960464,24.5,,,,true
full-app,valid-expression,source-change-preview-and-validation,100,native,3,2,256.7000000178814,,,,d96fb9a84a8c20d6aeadd7d53050546a89d491e669b9dd73aff8293ce1efdb83,,,230.90000000596046,25.80000001192093,,,,true
full-app,invalid-expression,source-change-current-diagnostic,100,native,3,2,93.90000000596046,,,,d96fb9a84a8c20d6aeadd7d53050546a89d491e669b9dd73aff8293ce1efdb83,,,79.09999999403954,14.800000011920929,syntax,expected expression after `+`,,true
full-app,property-completion,source-change-property-suggestion,100,native,3,2,93.40000000596046,,,,d96fb9a84a8c20d6aeadd7d53050546a89d491e669b9dd73aff8293ce1efdb83,,,78.69999998807907,14.700000017881393,,,,true
full-app,dependency-chain,open-database-hot-visible-formulas,100,native,3,3,2127.5999999940395,,,,d96fb9a84a8c20d6aeadd7d53050546a89d491e669b9dd73aff8293ce1efdb83,23,46,2105,22.599999994039536,,,,true
full-app,dependency-chain,submit-input-dependent-result,100,native,3,3,70,,,,d96fb9a84a8c20d6aeadd7d53050546a89d491e669b9dd73aff8293ce1efdb83,,,50.80000001192093,19.19999998807907,,,,true
full-app,valid-expression,source-change-preview-and-validation,100,native,3,3,224,,,,d96fb9a84a8c20d6aeadd7d53050546a89d491e669b9dd73aff8293ce1efdb83,,,201.09999999403954,22.900000005960464,,,,true
full-app,invalid-expression,source-change-current-diagnostic,100,native,3,3,93.2000000178814,,,,d96fb9a84a8c20d6aeadd7d53050546a89d491e669b9dd73aff8293ce1efdb83,,,78.80000001192093,14.400000005960464,syntax,expected expression after `+`,,true
full-app,property-completion,source-change-property-suggestion,100,native,3,3,93.2000000178814,,,,d96fb9a84a8c20d6aeadd7d53050546a89d491e669b9dd73aff8293ce1efdb83,,,78.60000002384186,14.599999994039536,,,,true
full-app,dependency-chain,open-database-hot-visible-formulas,100,native,3,4,913.8999999761581,,,,d96fb9a84a8c20d6aeadd7d53050546a89d491e669b9dd73aff8293ce1efdb83,23,46,891,22.899999976158142,,,,true
full-app,dependency-chain,submit-input-dependent-result,100,native,3,4,38.599999994039536,,,,d96fb9a84a8c20d6aeadd7d53050546a89d491e669b9dd73aff8293ce1efdb83,,,14.400000005960464,24.19999998807907,,,,true
full-app,valid-expression,source-change-preview-and-validation,100,native,3,4,222.59999999403954,,,,d96fb9a84a8c20d6aeadd7d53050546a89d491e669b9dd73aff8293ce1efdb83,,,201.2999999821186,21.30000001192093,,,,true
full-app,invalid-expression,source-change-current-diagnostic,100,native,3,4,93.90000000596046,,,,d96fb9a84a8c20d6aeadd7d53050546a89d491e669b9dd73aff8293ce1efdb83,,,79.40000000596046,14.5,syntax,expected expression after `+`,,true
full-app,property-completion,source-change-property-suggestion,100,native,3,4,93.09999999403954,,,,d96fb9a84a8c20d6aeadd7d53050546a89d491e669b9dd73aff8293ce1efdb83,,,78.90000000596046,14.199999988079071,,,,true
full-app,dependency-chain,open-database-cold-visible-formulas,100,legacy,3,0,1355.4000000059605,,,,d96fb9a84a8c20d6aeadd7d53050546a89d491e669b9dd73aff8293ce1efdb83,23,46,1318.4000000059605,37,,,,true
full-app,dependency-chain,open-database-hot-visible-formulas,100,legacy,3,0,857.7999999821186,,,,d96fb9a84a8c20d6aeadd7d53050546a89d491e669b9dd73aff8293ce1efdb83,23,46,835,22.799999982118607,,,,true
full-app,dependency-chain,submit-input-dependent-result,100,legacy,3,0,21.700000017881393,,,,d96fb9a84a8c20d6aeadd7d53050546a89d491e669b9dd73aff8293ce1efdb83,,,2.5999999940395355,19.100000023841858,,,,true
full-app,valid-expression,source-change-preview-and-validation,100,legacy,3,0,24.19999998807907,,,,d96fb9a84a8c20d6aeadd7d53050546a89d491e669b9dd73aff8293ce1efdb83,,,3.399999976158142,20.80000001192093,,,,true
full-app,invalid-expression,source-change-current-diagnostic,100,legacy,3,0,27.19999998807907,,,,d96fb9a84a8c20d6aeadd7d53050546a89d491e669b9dd73aff8293ce1efdb83,,,3,24.19999998807907,syntax,"Unexpected end of formula [1,17]",,true
full-app,property-completion,source-change-property-suggestion,100,legacy,3,0,27.19999998807907,,,,d96fb9a84a8c20d6aeadd7d53050546a89d491e669b9dd73aff8293ce1efdb83,,,2.9000000059604645,24.299999982118607,,,,true
full-app,dependency-chain,open-database-hot-visible-formulas,100,legacy,3,1,876.8999999761581,,,,d96fb9a84a8c20d6aeadd7d53050546a89d491e669b9dd73aff8293ce1efdb83,23,46,824.1999999880791,52.69999998807907,,,,true
full-app,dependency-chain,submit-input-dependent-result,100,legacy,3,1,22.5,,,,d96fb9a84a8c20d6aeadd7d53050546a89d491e669b9dd73aff8293ce1efdb83,,,2.5,20,,,,true
full-app,valid-expression,source-change-preview-and-validation,100,legacy,3,1,23.700000017881393,,,,d96fb9a84a8c20d6aeadd7d53050546a89d491e669b9dd73aff8293ce1efdb83,,,3.300000011920929,20.400000005960464,,,,true
full-app,invalid-expression,source-change-current-diagnostic,100,legacy,3,1,27.30000001192093,,,,d96fb9a84a8c20d6aeadd7d53050546a89d491e669b9dd73aff8293ce1efdb83,,,3.100000023841858,24.19999998807907,syntax,"Unexpected end of formula [1,17]",,true
full-app,property-completion,source-change-property-suggestion,100,legacy,3,1,27.200000017881393,,,,d96fb9a84a8c20d6aeadd7d53050546a89d491e669b9dd73aff8293ce1efdb83,,,3.2000000178813934,24,,,,true
full-app,dependency-chain,open-database-hot-visible-formulas,100,legacy,3,2,959.3000000119209,,,,d96fb9a84a8c20d6aeadd7d53050546a89d491e669b9dd73aff8293ce1efdb83,23,46,909,50.30000001192093,,,,true
full-app,dependency-chain,submit-input-dependent-result,100,legacy,3,2,21.799999982118607,,,,d96fb9a84a8c20d6aeadd7d53050546a89d491e669b9dd73aff8293ce1efdb83,,,2.7999999821186066,19,,,,true
full-app,valid-expression,source-change-preview-and-validation,100,legacy,3,2,25.099999994039536,,,,d96fb9a84a8c20d6aeadd7d53050546a89d491e669b9dd73aff8293ce1efdb83,,,3.4000000059604645,21.69999998807907,,,,true
full-app,invalid-expression,source-change-current-diagnostic,100,legacy,3,2,27.19999998807907,,,,d96fb9a84a8c20d6aeadd7d53050546a89d491e669b9dd73aff8293ce1efdb83,,,3,24.19999998807907,syntax,"Unexpected end of formula [1,17]",,true
full-app,property-completion,source-change-property-suggestion,100,legacy,3,2,27.299999982118607,,,,d96fb9a84a8c20d6aeadd7d53050546a89d491e669b9dd73aff8293ce1efdb83,,,3,24.299999982118607,,,,true
full-app,dependency-chain,open-database-hot-visible-formulas,100,legacy,3,3,883.3999999761581,,,,d96fb9a84a8c20d6aeadd7d53050546a89d491e669b9dd73aff8293ce1efdb83,23,46,853.3999999761581,30,,,,true
full-app,dependency-chain,submit-input-dependent-result,100,legacy,3,3,22.69999998807907,,,,d96fb9a84a8c20d6aeadd7d53050546a89d491e669b9dd73aff8293ce1efdb83,,,2.5999999940395355,20.099999994039536,,,,true
full-app,valid-expression,source-change-preview-and-validation,100,legacy,3,3,23.5,,,,d96fb9a84a8c20d6aeadd7d53050546a89d491e669b9dd73aff8293ce1efdb83,,,3.800000011920929,19.69999998807907,,,,true
full-app,invalid-expression,source-change-current-diagnostic,100,legacy,3,3,28,,,,d96fb9a84a8c20d6aeadd7d53050546a89d491e669b9dd73aff8293ce1efdb83,,,3,25,syntax,"Unexpected end of formula [1,17]",,true
full-app,property-completion,source-change-property-suggestion,100,legacy,3,3,18.900000005960464,,,,d96fb9a84a8c20d6aeadd7d53050546a89d491e669b9dd73aff8293ce1efdb83,,,3,15.900000005960464,,,,true
full-app,dependency-chain,open-database-hot-visible-formulas,100,legacy,3,4,956.9000000059605,,,,d96fb9a84a8c20d6aeadd7d53050546a89d491e669b9dd73aff8293ce1efdb83,23,46,905.8000000119209,51.099999994039536,,,,true
full-app,dependency-chain,submit-input-dependent-result,100,legacy,3,4,22.30000001192093,,,,d96fb9a84a8c20d6aeadd7d53050546a89d491e669b9dd73aff8293ce1efdb83,,,2.7000000178813934,19.599999994039536,,,,true
full-app,valid-expression,source-change-preview-and-validation,100,legacy,3,4,24.19999998807907,,,,d96fb9a84a8c20d6aeadd7d53050546a89d491e669b9dd73aff8293ce1efdb83,,,3.699999988079071,20.5,,,,true
full-app,invalid-expression,source-change-current-diagnostic,100,legacy,3,4,27.400000005960464,,,,d96fb9a84a8c20d6aeadd7d53050546a89d491e669b9dd73aff8293ce1efdb83,,,2.9000000059604645,24.5,syntax,"Unexpected end of formula [1,17]",,true
full-app,property-completion,source-change-property-suggestion,100,legacy,3,4,27.700000017881393,,,,d96fb9a84a8c20d6aeadd7d53050546a89d491e669b9dd73aff8293ce1efdb83,,,3.0999999940395355,24.600000023841858,,,,true
full-app,dependency-chain,open-database-cold-visible-formulas,100,legacy,4,0,1351.6000000238419,,,,d96fb9a84a8c20d6aeadd7d53050546a89d491e669b9dd73aff8293ce1efdb83,23,46,1312.6000000238419,39,,,,true
full-app,dependency-chain,open-database-hot-visible-formulas,100,legacy,4,0,932.1999999880791,,,,d96fb9a84a8c20d6aeadd7d53050546a89d491e669b9dd73aff8293ce1efdb83,23,46,886.7999999821186,45.400000005960464,,,,true
full-app,dependency-chain,submit-input-dependent-result,100,legacy,4,0,22.400000005960464,,,,d96fb9a84a8c20d6aeadd7d53050546a89d491e669b9dd73aff8293ce1efdb83,,,2.5,19.900000005960464,,,,true
full-app,valid-expression,source-change-preview-and-validation,100,legacy,4,0,23.799999982118607,,,,d96fb9a84a8c20d6aeadd7d53050546a89d491e669b9dd73aff8293ce1efdb83,,,3.399999976158142,20.400000005960464,,,,true
full-app,invalid-expression,source-change-current-diagnostic,100,legacy,4,0,27.900000005960464,,,,d96fb9a84a8c20d6aeadd7d53050546a89d491e669b9dd73aff8293ce1efdb83,,,3,24.900000005960464,syntax,"Unexpected end of formula [1,17]",,true
full-app,property-completion,source-change-property-suggestion,100,legacy,4,0,27.69999998807907,,,,d96fb9a84a8c20d6aeadd7d53050546a89d491e669b9dd73aff8293ce1efdb83,,,3.0999999940395355,24.599999994039536,,,,true
full-app,dependency-chain,open-database-hot-visible-formulas,100,legacy,4,1,893.4000000059605,,,,d96fb9a84a8c20d6aeadd7d53050546a89d491e669b9dd73aff8293ce1efdb83,23,46,836.8000000119209,56.599999994039536,,,,true
full-app,dependency-chain,submit-input-dependent-result,100,legacy,4,1,22.200000017881393,,,,d96fb9a84a8c20d6aeadd7d53050546a89d491e669b9dd73aff8293ce1efdb83,,,2.5,19.700000017881393,,,,true
full-app,valid-expression,source-change-preview-and-validation,100,legacy,4,1,24.30000001192093,,,,d96fb9a84a8c20d6aeadd7d53050546a89d491e669b9dd73aff8293ce1efdb83,,,3.5,20.80000001192093,,,,true
full-app,invalid-expression,source-change-current-diagnostic,100,legacy,4,1,27.299999982118607,,,,d96fb9a84a8c20d6aeadd7d53050546a89d491e669b9dd73aff8293ce1efdb83,,,3.0999999940395355,24.19999998807907,syntax,"Unexpected end of formula [1,17]",,true
full-app,property-completion,source-change-property-suggestion,100,legacy,4,1,20.30000001192093,,,,d96fb9a84a8c20d6aeadd7d53050546a89d491e669b9dd73aff8293ce1efdb83,,,3.300000011920929,17,,,,true
full-app,dependency-chain,open-database-hot-visible-formulas,100,legacy,4,2,2027.4000000059605,,,,d96fb9a84a8c20d6aeadd7d53050546a89d491e669b9dd73aff8293ce1efdb83,23,46,1978.4000000059605,49,,,,true
full-app,dependency-chain,submit-input-dependent-result,100,legacy,4,2,39.20000001788139,,,,d96fb9a84a8c20d6aeadd7d53050546a89d491e669b9dd73aff8293ce1efdb83,,,36.400000005960464,2.800000011920929,,,,true
full-app,valid-expression,source-change-preview-and-validation,100,legacy,4,2,17.900000005960464,,,,d96fb9a84a8c20d6aeadd7d53050546a89d491e669b9dd73aff8293ce1efdb83,,,3.7000000178813934,14.199999988079071,,,,true
full-app,invalid-expression,source-change-current-diagnostic,100,legacy,4,2,26.80000001192093,,,,d96fb9a84a8c20d6aeadd7d53050546a89d491e669b9dd73aff8293ce1efdb83,,,3,23.80000001192093,syntax,"Unexpected end of formula [1,17]",,true
full-app,property-completion,source-change-property-suggestion,100,legacy,4,2,27.599999994039536,,,,d96fb9a84a8c20d6aeadd7d53050546a89d491e669b9dd73aff8293ce1efdb83,,,3,24.599999994039536,,,,true
full-app,dependency-chain,open-database-hot-visible-formulas,100,legacy,4,3,919,,,,d96fb9a84a8c20d6aeadd7d53050546a89d491e669b9dd73aff8293ce1efdb83,23,46,868.8000000119209,50.19999998807907,,,,true
full-app,dependency-chain,submit-input-dependent-result,100,legacy,4,3,22.099999994039536,,,,d96fb9a84a8c20d6aeadd7d53050546a89d491e669b9dd73aff8293ce1efdb83,,,2.5,19.599999994039536,,,,true
full-app,valid-expression,source-change-preview-and-validation,100,legacy,4,3,24.19999998807907,,,,d96fb9a84a8c20d6aeadd7d53050546a89d491e669b9dd73aff8293ce1efdb83,,,3.5,20.69999998807907,,,,true
full-app,invalid-expression,source-change-current-diagnostic,100,legacy,4,3,27.19999998807907,,,,d96fb9a84a8c20d6aeadd7d53050546a89d491e669b9dd73aff8293ce1efdb83,,,3.199999988079071,24,syntax,"Unexpected end of formula [1,17]",,true
full-app,property-completion,source-change-property-suggestion,100,legacy,4,3,26.900000005960464,,,,d96fb9a84a8c20d6aeadd7d53050546a89d491e669b9dd73aff8293ce1efdb83,,,3.2000000178813934,23.69999998807907,,,,true
full-app,dependency-chain,open-database-hot-visible-formulas,100,legacy,4,4,913.9000000059605,,,,d96fb9a84a8c20d6aeadd7d53050546a89d491e669b9dd73aff8293ce1efdb83,23,46,863.1999999880791,50.70000001788139,,,,true
full-app,dependency-chain,submit-input-dependent-result,100,legacy,4,4,22.80000001192093,,,,d96fb9a84a8c20d6aeadd7d53050546a89d491e669b9dd73aff8293ce1efdb83,,,2.5,20.30000001192093,,,,true
full-app,valid-expression,source-change-preview-and-validation,100,legacy,4,4,23.299999982118607,,,,d96fb9a84a8c20d6aeadd7d53050546a89d491e669b9dd73aff8293ce1efdb83,,,3.2999999821186066,20,,,,true
full-app,invalid-expression,source-change-current-diagnostic,100,legacy,4,4,27.5,,,,d96fb9a84a8c20d6aeadd7d53050546a89d491e669b9dd73aff8293ce1efdb83,,,2.9000000059604645,24.599999994039536,syntax,"Unexpected end of formula [1,17]",,true
full-app,property-completion,source-change-property-suggestion,100,legacy,4,4,23.399999976158142,,,,d96fb9a84a8c20d6aeadd7d53050546a89d491e669b9dd73aff8293ce1efdb83,,,4.5999999940395355,18.799999982118607,,,,true
full-app,dependency-chain,open-database-cold-visible-formulas,100,native,4,0,1425.9000000059605,,,,d96fb9a84a8c20d6aeadd7d53050546a89d491e669b9dd73aff8293ce1efdb83,23,46,1409.800000011921,16.099999994039536,,,,true
full-app,dependency-chain,open-database-hot-visible-formulas,100,native,4,0,925.6000000238419,,,,d96fb9a84a8c20d6aeadd7d53050546a89d491e669b9dd73aff8293ce1efdb83,23,46,916.5,9.100000023841858,,,,true
full-app,dependency-chain,submit-input-dependent-result,100,native,4,0,38.400000005960464,,,,d96fb9a84a8c20d6aeadd7d53050546a89d491e669b9dd73aff8293ce1efdb83,,,14.5,23.900000005960464,,,,true
full-app,valid-expression,source-change-preview-and-validation,100,native,4,0,222.59999999403954,,,,d96fb9a84a8c20d6aeadd7d53050546a89d491e669b9dd73aff8293ce1efdb83,,,201.80000001192093,20.799999982118607,,,,true
full-app,invalid-expression,source-change-current-diagnostic,100,native,4,0,93.89999997615814,,,,d96fb9a84a8c20d6aeadd7d53050546a89d491e669b9dd73aff8293ce1efdb83,,,79.59999999403954,14.299999982118607,syntax,expected expression after `+`,,true
full-app,property-completion,source-change-property-suggestion,100,native,4,0,94.09999999403954,,,,d96fb9a84a8c20d6aeadd7d53050546a89d491e669b9dd73aff8293ce1efdb83,,,78.40000000596046,15.699999988079071,,,,true
full-app,dependency-chain,open-database-hot-visible-formulas,100,native,4,1,1060.199999988079,,,,d96fb9a84a8c20d6aeadd7d53050546a89d491e669b9dd73aff8293ce1efdb83,23,46,1043.4000000059605,16.799999982118607,,,,true
full-app,dependency-chain,submit-input-dependent-result,100,native,4,1,38.20000001788139,,,,d96fb9a84a8c20d6aeadd7d53050546a89d491e669b9dd73aff8293ce1efdb83,,,15.300000011920929,22.900000005960464,,,,true
full-app,valid-expression,source-change-preview-and-validation,100,native,4,1,221.59999999403954,,,,d96fb9a84a8c20d6aeadd7d53050546a89d491e669b9dd73aff8293ce1efdb83,,,202.80000001192093,18.799999982118607,,,,true
full-app,invalid-expression,source-change-current-diagnostic,100,native,4,1,93.09999999403954,,,,d96fb9a84a8c20d6aeadd7d53050546a89d491e669b9dd73aff8293ce1efdb83,,,79,14.099999994039536,syntax,expected expression after `+`,,true
full-app,property-completion,source-change-property-suggestion,100,native,4,1,93.2999999821186,,,,d96fb9a84a8c20d6aeadd7d53050546a89d491e669b9dd73aff8293ce1efdb83,,,78.69999998807907,14.599999994039536,,,,true
full-app,dependency-chain,open-database-hot-visible-formulas,100,native,4,2,1024.9000000059605,,,,d96fb9a84a8c20d6aeadd7d53050546a89d491e669b9dd73aff8293ce1efdb83,23,46,1002,22.900000005960464,,,,true
full-app,dependency-chain,submit-input-dependent-result,100,native,4,2,39.400000005960464,,,,d96fb9a84a8c20d6aeadd7d53050546a89d491e669b9dd73aff8293ce1efdb83,,,14.300000011920929,25.099999994039536,,,,true
full-app,valid-expression,source-change-preview-and-validation,100,native,4,2,222.40000000596046,,,,d96fb9a84a8c20d6aeadd7d53050546a89d491e669b9dd73aff8293ce1efdb83,,,201.7000000178814,20.69999998807907,,,,true
full-app,invalid-expression,source-change-current-diagnostic,100,native,4,2,93.80000001192093,,,,d96fb9a84a8c20d6aeadd7d53050546a89d491e669b9dd73aff8293ce1efdb83,,,78.7000000178814,15.099999994039536,syntax,expected expression after `+`,,true
full-app,property-completion,source-change-property-suggestion,100,native,4,2,94,,,,d96fb9a84a8c20d6aeadd7d53050546a89d491e669b9dd73aff8293ce1efdb83,,,78.40000000596046,15.599999994039536,,,,true
full-app,dependency-chain,open-database-hot-visible-formulas,100,native,4,3,958.7000000178814,,,,d96fb9a84a8c20d6aeadd7d53050546a89d491e669b9dd73aff8293ce1efdb83,23,46,946,12.700000017881393,,,,true
full-app,dependency-chain,submit-input-dependent-result,100,native,4,3,38.599999994039536,,,,d96fb9a84a8c20d6aeadd7d53050546a89d491e669b9dd73aff8293ce1efdb83,,,14.599999994039536,24,,,,true
full-app,valid-expression,source-change-preview-and-validation,100,native,4,3,223.30000001192093,,,,d96fb9a84a8c20d6aeadd7d53050546a89d491e669b9dd73aff8293ce1efdb83,,,201.69999998807907,21.600000023841858,,,,true
full-app,invalid-expression,source-change-current-diagnostic,100,native,4,3,94.2000000178814,,,,d96fb9a84a8c20d6aeadd7d53050546a89d491e669b9dd73aff8293ce1efdb83,,,78.80000001192093,15.400000005960464,syntax,expected expression after `+`,,true
full-app,property-completion,source-change-property-suggestion,100,native,4,3,93.80000001192093,,,,d96fb9a84a8c20d6aeadd7d53050546a89d491e669b9dd73aff8293ce1efdb83,,,78,15.800000011920929,,,,true
full-app,dependency-chain,open-database-hot-visible-formulas,100,native,4,4,944.7999999821186,,,,d96fb9a84a8c20d6aeadd7d53050546a89d491e669b9dd73aff8293ce1efdb83,23,46,919.5999999940395,25.19999998807907,,,,true
full-app,dependency-chain,submit-input-dependent-result,100,native,4,4,39.30000001192093,,,,d96fb9a84a8c20d6aeadd7d53050546a89d491e669b9dd73aff8293ce1efdb83,,,14.700000017881393,24.599999994039536,,,,true
full-app,valid-expression,source-change-preview-and-validation,100,native,4,4,256.10000002384186,,,,d96fb9a84a8c20d6aeadd7d53050546a89d491e669b9dd73aff8293ce1efdb83,,,233.40000000596046,22.700000017881393,,,,true
full-app,invalid-expression,source-change-current-diagnostic,100,native,4,4,94.2999999821186,,,,d96fb9a84a8c20d6aeadd7d53050546a89d491e669b9dd73aff8293ce1efdb83,,,81.90000000596046,12.399999976158142,syntax,expected expression after `+`,,true
full-app,property-completion,source-change-property-suggestion,100,native,4,4,93.59999999403954,,,,d96fb9a84a8c20d6aeadd7d53050546a89d491e669b9dd73aff8293ce1efdb83,,,78.30000001192093,15.299999982118607,,,,true
